,nta_code,pop,households,age_less_5,age_5_to_9,age_10_to_14,age_15_to_19,age_20_to_24,age_25_to_29,age_30_to_34,age_35_to_39,age_40_to_44,age_45_to_49,age_50_to_54,age_55_to_59,age_60_to_64,age_65_plus,median_hh_income,hh_income_less_10,hh_income_10_to_15,hh_income_15_to_25,hh_income_25_to_35,hh_income_35_to_50,hh_income_50_to_75,hh_income_75_to_100,hh_income_100_to_150,hh_income_150_to_200,hh_income_200_plus,below_poverty,edu_none,edu_high_school,edu_college,commute_walk,commute_public,commute_car,health_insurance_coverage,disability,not_us_citizen,lang_spanish,lang_chinese,lang_russian,lang_indic,lang_french_creole,lang_korean,homeval_less_50,homeval_50_to_100,homeval_100_to_150,homeval_150_to_200,homeval_200_to_300,homeval_300_to_500,homeval_500_to_1m,homeval_1m_plus,rent_less_500,rent_500_to_1000,rent_1000_to_1500,rent_1500_to_2000,rent_2000_to_2500,rent_2500_to_3000,rent_3000_plus,average_hh_size
0,BX31,28903,9587,1679,1706,1763,2039,1964,1703,1798,1654,1937,2203,2027,1785,1619,5026,61638,836,348,797,773,1160,1764,1155,1562,765,427,4208,4897,6041,8027,724,5731,6722,28157,3824,4148,2276,183,26,89,94,0,116,26,84,10,272,2929,1644,85,597,692,1314,1092,413,42,0,3.26
1,SI01,27770,9885,1397,1698,1817,1880,1720,1594,1487,1814,2073,2274,2246,1961,1869,3940,88288,467,253,571,405,1008,1523,1346,2075,1086,1151,1572,1524,6659,8249,128,3020,9604,28089,2705,711,81,151,529,32,0,72,77,52,8,19,138,2917,4694,289,40,564,473,173,177,47,31,2.85
2,SI48,25238,8960,1507,1540,1596,1752,1614,1561,1726,1828,1914,1892,1910,1945,1763,2690,89570,304,256,337,516,707,1421,1611,2021,1047,740,1838,1428,5611,7597,26,2787,8841,25510,2201,698,196,328,155,21,0,121,170,104,85,36,934,3948,2583,51,23,313,575,81,109,0,59,2.91
3,QN70,78793,34310,3480,3037,3060,3392,6630,11586,9252,6843,5633,4944,4599,4018,3373,8946,54882,2772,1782,3673,2816,4725,6463,4557,4698,1627,1197,11426,9366,11861,33054,2950,33055,6415,66199,7225,15384,8506,1177,202,1099,9,642,110,87,30,166,738,1176,2508,391,1818,3600,9067,9485,3421,665,331,2.25
4,QN48,19996,7122,917,966,1063,1168,1214,1307,1296,1336,1451,1557,1659,1560,1326,3176,70772,270,349,445,632,690,1417,1060,1237,589,433,1293,2209,3933,7101,180,3390,5760,18509,1536,3116,735,3152,39,34,21,1538,51,28,64,54,88,487,3694,240,4,131,686,854,292,16,52,2.97
5,QN76,34603,10730,2198,2389,2569,2923,2699,2430,2264,2191,2414,2763,2585,2013,1469,3696,59357,637,385,820,941,1575,2186,1532,1718,629,307,5428,4461,9097,6521,528,8373,8114,34964,4413,6015,1261,80,0,256,328,5,223,73,109,144,1322,4207,954,58,321,682,1311,1012,353,66,9,3.54
6,BK27,29931,11125,1766,1668,1672,1581,1922,2234,2308,2241,2006,2080,2097,1930,1653,4773,55193,897,768,1091,932,1407,2016,1176,1606,711,521,4722,5472,6188,9676,679,8306,4909,29449,3417,6239,2022,5716,2152,92,0,56,39,81,44,66,270,469,2873,624,411,1131,3227,1667,216,29,31,2.88
7,MN25,39699,21216,2272,1055,691,1453,5203,7559,5978,4206,2823,1945,1589,1398,1182,2345,125434,1197,420,800,609,960,1909,2416,3878,2377,6650,3557,1018,1262,29509,9138,16429,1489,43647,1702,7444,465,891,169,0,23,175,418,0,16,14,39,779,1593,2099,380,788,404,607,2008,4474,8051,2.01
8,BK31,78607,34991,4571,3998,3772,3802,4700,7214,6738,6207,5718,5618,5541,5090,4340,11298,57980,2654,1864,3575,3067,4056,5848,4154,4869,2498,2406,12266,8006,11165,30756,3442,21679,10908,72049,8024,10422,3292,4111,1934,411,22,492,344,185,391,349,1473,1598,5588,2130,869,2379,9708,5878,1434,321,262,2.36
9,QN46,43808,16008,2106,2199,2353,2694,2504,2832,2935,3014,3158,3569,3531,3197,2698,7018,79120,578,494,1284,1073,1680,2506,2360,3047,1710,1276,3256,3789,7392,17132,712,6637,13574,40362,3825,6120,1692,5218,77,135,0,3446,147,140,106,353,528,1087,7061,683,34,379,1549,2070,827,159,98,2.83
10,BK75,70713,24920,6850,6109,5426,5390,6377,7007,6183,4818,4308,4060,3686,2771,2343,5385,37343,3682,2296,3129,2803,3263,3605,2079,2447,1055,561,25742,9699,11608,16621,4258,20058,4393,68299,7623,6832,4888,235,75,124,226,23,68,130,56,64,117,592,2344,1453,3728,5102,4681,3907,2280,537,441,2.86
11,BX05,54415,18636,4517,4183,4058,4623,4693,4663,4262,3854,3830,3786,3490,2724,2029,3703,29549,3096,2319,3041,2063,2431,2728,1583,1077,149,149,18637,11024,9913,7154,2218,15609,4201,47888,6680,13343,13921,93,0,304,19,254,63,16,87,130,82,313,168,0,2013,3275,9392,3013,326,75,56,2.88
12,QN43,25287,8252,1347,1374,1485,1659,1674,1726,1687,1567,1769,1960,2236,1926,1490,3387,77863,387,233,565,462,1009,1322,1292,1608,860,514,2952,2226,5934,7532,296,3317,8011,24137,2446,3425,1671,242,27,1546,32,142,92,77,127,429,422,2023,2657,37,92,137,949,724,177,53,4,3.18
13,BX06,27378,8643,2076,2073,1969,3458,3937,2157,1846,1761,1580,1622,1229,966,756,1948,21924,1993,1202,1648,1215,836,950,366,329,90,14,11804,4947,4144,2823,1809,5829,1720,24744,3709,6432,6273,13,18,0,0,56,49,34,14,0,75,263,45,0,1433,2272,3303,1268,120,14,24,2.9
14,BK29,62978,21974,3578,3377,3360,3528,4381,4924,4743,4400,4354,4613,4639,4214,3619,9248,45108,2094,1386,2787,2409,3075,3870,2451,2379,887,636,12380,11556,12871,17150,2071,17519,7387,56883,6687,15438,3372,13573,6780,48,0,72,159,126,59,63,138,1132,5314,658,1100,2386,7773,2188,265,122,21,2.89
15,BK28,88727,30027,5104,4905,5038,5405,6731,6877,6398,6130,5974,6686,6283,5674,4955,12567,46137,2431,2079,3878,3132,4323,5362,3281,3496,1221,824,16707,18286,18127,21855,3477,24678,10882,80592,10144,22669,6127,20523,6159,145,0,59,177,227,171,239,435,1192,6280,1612,966,3055,10128,3709,764,97,61,3.04
16,BK88,106357,28130,14703,11971,10024,9094,8640,7872,6829,5599,4171,4033,4622,4670,4319,9810,35754,2252,2878,4893,3850,3711,4098,2136,2486,1043,783,40318,14659,20165,12241,9835,13286,10155,96782,8765,13034,6103,7154,1603,598,1,49,75,154,49,0,306,601,4906,2469,953,2952,7430,4635,1637,155,189,3.82
17,QN10,28018,10866,1454,1595,1574,1684,1385,1473,1400,1646,1894,2250,2427,2281,1956,4999,74718,518,568,771,829,992,1774,1698,1942,942,832,1856,2196,4604,9471,409,3117,7810,25800,4487,1224,652,112,147,21,27,25,342,117,150,83,403,1655,3277,444,141,1039,1885,892,189,29,20,2.46
18,QN35,39138,13735,2418,2049,1992,2367,2947,3337,3430,2970,2806,2704,2740,2407,2061,4910,58564,892,453,1510,1180,1802,2948,1526,2268,821,335,6426,5174,6442,14440,1354,12179,6615,34984,4106,10026,4545,914,1085,3582,70,179,90,155,400,712,929,1218,1884,52,146,789,3796,3055,624,9,12,2.88
19,BK19,35547,14145,1780,1526,1514,1728,2221,2393,2154,2026,2130,2331,2584,2427,2701,8032,30872,3054,1385,1585,1509,1263,1728,1114,1228,614,665,9099,3306,6344,13172,1733,7333,3973,30103,6215,7678,2077,705,11944,199,0,49,86,135,192,142,461,751,2176,437,1976,1823,3873,1397,215,184,15,2.4
20,BX07,35538,13361,2458,2311,2404,2600,2629,2953,2636,2389,2491,2546,2364,1960,1575,4222,36859,2283,1192,1742,1199,1890,2128,1615,1018,238,56,10290,7246,7189,6332,1162,8889,4200,31534,6184,6777,7168,70,223,171,47,44,232,162,67,205,261,666,273,0,2125,2991,5128,1228,179,47,0,2.69
21,BK09,22887,11036,1300,695,499,941,1628,2519,2885,2334,1871,1392,1233,1308,1233,3049,105398,505,356,657,606,760,1225,1187,1791,1173,2776,2291,562,1739,15059,1474,9649,744,22511,1930,2168,348,223,24,0,7,56,117,42,28,17,204,922,1737,1750,246,484,807,1303,997,798,1385,1.88
22,BK81,58300,21030,4490,4569,5049,5864,4963,4019,3670,3530,3765,3885,3747,2813,2469,5467,25041,4850,2594,3059,2654,2667,2561,1423,818,258,146,23424,10337,13224,6896,1272,13480,3846,54105,8236,7870,3921,205,8,60,624,45,267,74,43,34,471,1612,536,16,6490,5038,4843,1539,229,27,28,2.58
23,BK77,57138,19191,4304,3894,3637,4177,6247,6884,5509,4552,3870,3450,2891,2328,1858,3537,42296,2500,1085,2503,2121,2901,3322,1928,1889,624,318,18191,15301,7868,10592,2834,21870,3388,45331,4427,17585,19172,889,37,97,145,64,45,78,42,17,179,544,1006,112,857,2887,6728,4260,1182,623,378,3.09
24,BK78,72101,25575,4838,4712,5004,5619,7712,8016,5968,4658,4575,4536,4027,3272,2768,6396,37285,4206,1833,3539,2621,3407,4421,2418,2171,670,289,20334,15218,12200,14532,2278,24885,4919,61836,7714,12631,15205,579,91,191,292,48,131,88,29,72,353,1182,1809,421,4155,4088,6105,3829,1811,1054,638,2.82
25,QN33,18677,6178,907,977,1064,1291,1225,1081,1100,1133,1294,1495,1393,1249,1170,3298,79888,166,103,325,523,670,1152,767,1451,663,358,751,1347,3999,5894,86,3383,5635,17771,1942,1876,377,61,0,0,503,0,182,93,33,42,293,4045,512,62,46,120,251,204,113,15,0,3.21
26,BK50,83693,28134,5027,5369,5909,6838,6425,5766,5497,5337,5713,6406,6652,5687,4420,8647,60766,2431,1072,2302,2426,3597,5003,4212,4225,1914,952,12877,8645,17259,21372,1272,22604,17119,79770,8274,11484,1628,986,98,31,6383,16,305,170,80,172,710,6159,6269,94,1838,2654,4822,4144,743,31,25,3.04
27,BK33,38353,17786,2748,1942,1620,1577,1885,3986,5030,4188,3376,2603,2099,1821,1606,3872,85496,1834,704,1119,981,1376,2140,1760,2915,1876,3081,5744,4025,4198,20520,2417,14564,2336,39365,4488,3958,2239,393,116,0,23,51,92,51,48,40,197,420,1568,2793,2172,1697,1475,1968,2644,1382,1353,2.31
28,MN03,75282,33896,4762,4478,4658,5569,6248,6490,6059,5204,5730,5636,4975,3964,3203,8306,34413,5743,3214,4387,3855,4489,5414,2715,2139,807,1133,25250,11862,14285,22047,3083,26617,4096,75596,11682,10560,6021,150,28,122,74,7,317,213,0,9,220,758,1037,566,6617,10082,7981,3850,1406,557,339,2.42
29,MN11,43383,18974,2686,2449,2391,2622,3416,4197,3879,3566,3774,3427,3063,2328,1745,3840,48366,2829,1332,1782,1658,2077,2925,1494,2331,1168,1378,13491,5823,7056,17331,1557,18287,1817,45505,4896,6124,2402,414,8,0,103,16,118,103,71,18,235,426,1318,1384,2641,4739,3213,1919,1465,1050,591,2.51
30,SI11,23313,7853,1372,1729,1674,1593,1442,1385,1516,1855,2175,2119,1794,1362,1091,2206,90788,218,368,533,371,610,1097,1155,1708,835,958,1511,1331,4986,7092,69,2107,8381,23272,2023,983,461,157,181,76,1,26,94,82,173,0,216,1778,3742,198,0,330,840,376,92,56,14,3.04
31,MN27,47844,17922,1807,1802,1792,2049,4088,5091,4191,3517,3328,3434,3277,3016,2748,7704,35908,2719,1868,2849,1399,1841,2430,1661,1585,630,940,11521,12635,7059,13221,6034,11069,1763,39445,5363,10237,1796,16622,81,220,9,147,29,11,38,28,44,209,503,321,3255,4847,3245,1757,1680,847,1050,2.34
32,BX01,31078,10299,2890,2816,2769,3113,2658,2325,2012,1836,2078,2095,1830,1293,1070,2293,20461,2594,1744,1760,1211,1083,1193,323,327,56,8,16840,6846,4919,3328,740,7129,1880,31251,5634,5171,7157,0,0,0,0,0,55,54,0,0,60,261,66,0,3599,2567,3334,573,96,0,33,3.09
33,MN15,45884,25095,1299,851,771,1103,4384,7093,5878,4208,3648,3282,3009,2789,2404,5165,73591,1746,1601,1728,2171,2099,3405,2827,4001,1859,3658,5585,2213,3370,28417,11270,14001,1449,41102,4774,7185,2538,963,92,37,0,191,70,57,0,0,299,577,1521,1283,1707,4099,2528,2846,3721,2911,4323,1.64
34,BK69,34791,15178,2231,1566,1288,2126,3561,4290,4199,3330,2439,2005,1715,1483,1406,3152,66282,1268,838,1325,921,1648,2241,2196,2437,1248,1056,6490,2130,3987,16642,1724,13387,2534,35561,2697,3454,1043,118,15,140,307,99,237,46,107,108,367,1202,1671,1575,512,1624,2440,2210,1687,1092,745,2.33
35,BX13,43752,18931,2027,2018,2470,2744,2451,2156,2297,2481,2969,3493,3302,3078,2929,9337,45277,1525,1058,2025,2554,3042,3258,2393,1907,789,380,4959,5136,9877,11700,986,11422,7132,44022,7892,3929,3845,0,186,62,22,116,5061,453,460,445,478,852,271,0,1068,5317,4212,567,201,0,24,2.39
36,QN23,24275,7731,1576,1401,1421,1494,1721,1757,1988,1840,1737,1861,1769,1576,1219,2915,58420,408,187,853,641,1155,1451,1300,1044,427,265,3492,4071,6022,4859,776,4011,5955,20817,1590,6208,4482,3810,18,186,5,731,56,59,14,12,167,1183,2078,79,106,447,1420,1674,277,51,0,3.22
37,QN25,57658,16785,4490,3874,3391,3907,4883,5424,5053,4563,4054,3804,3541,2917,2389,5368,44026,1451,1048,2157,1943,2850,3114,2065,1638,325,194,12049,12343,12164,8329,2501,16508,5847,44906,7055,19571,18271,3243,614,443,59,199,121,122,423,298,406,744,1576,139,893,1347,4826,4200,1228,52,40,3.48
38,BX75,20277,7104,1733,1636,1614,1869,1813,1519,1310,1308,1412,1334,1230,961,773,1765,22557,1749,983,1050,727,937,1063,241,281,53,20,8973,4950,3543,2531,547,5278,1694,19199,2477,4227,3976,22,12,29,9,13,38,21,0,22,20,398,175,0,2157,2036,1849,462,118,9,4,2.87
39,BK61,103169,41641,6871,6338,6786,7495,8844,9779,8460,7198,7141,7060,6782,5473,4504,10438,37104,6423,3683,5231,4543,5901,6692,3927,3466,1089,686,29523,13550,20479,27498,2933,35488,7697,92956,10380,14314,4217,584,198,384,1236,15,136,51,96,68,243,796,3134,1506,5377,9075,11518,6303,2228,1105,528,2.43
40,BK63,39670,14696,3002,2573,2607,2833,3676,3544,2906,2467,2422,2476,2537,2262,1894,4471,41745,1714,1290,1621,1719,2259,2348,1818,1299,335,293,8390,3922,7194,10211,2369,12051,2832,36875,3547,5653,955,0,108,0,1978,45,135,121,58,7,86,162,1058,365,474,2445,6268,2618,568,166,136,2.78
41,BK83,49223,13672,3704,3654,3912,4432,4316,3895,3435,3328,3641,3527,3169,2644,1877,3689,40432,2235,814,1662,1440,2005,2392,1320,1297,311,196,12502,8176,12437,5634,733,13513,5056,42846,3951,10713,8861,692,15,1005,50,21,204,25,134,37,392,2461,1264,81,490,1606,4086,2655,309,13,15,3.44
42,QN45,24739,9562,1086,1303,1423,1280,1173,1217,1355,1591,1709,1955,2000,1965,1842,4840,83749,357,235,523,788,777,1506,1700,1999,880,797,1921,1507,3664,11003,327,3140,7894,23861,2516,2652,823,2241,77,0,2,2397,101,79,358,573,1380,692,3343,1074,0,200,493,479,492,93,97,2.63
43,BK38,34495,16263,2255,1532,1550,1669,2264,3986,4424,3565,2781,2333,1896,1676,1483,3081,84945,1538,802,1351,805,1317,1674,1620,2587,1569,3000,8606,4106,4366,20205,2250,15762,1716,38831,4779,4227,2339,1160,36,0,166,119,32,18,41,40,209,487,1615,2053,2646,2164,987,1275,1773,1621,2401,2.29
44,BK30,42419,15100,2434,2428,2412,2546,2771,3157,3005,2947,3107,3222,3081,2709,2303,6297,54752,875,793,1933,1600,1704,2909,1676,2054,771,785,8005,9017,8975,10535,1914,9941,7380,41240,4436,10275,1370,11085,386,68,9,89,142,101,92,51,119,580,4684,1160,162,1207,4186,1540,382,37,65,3.05
45,BX14,62284,22081,5160,4703,4657,5267,4944,4454,4332,4108,4271,4333,3758,3212,2618,6467,27883,4410,2339,3366,2816,3091,3225,1465,933,333,103,22626,13979,9882,8371,2109,15914,4024,54983,8806,16015,16753,133,0,363,58,9,965,92,66,227,370,680,161,28,3344,4420,9190,1934,265,24,20,2.83
46,QN27,23150,6311,1621,1479,1431,1816,1944,2030,1761,1655,1710,1623,1488,1237,958,2397,51594,527,211,617,730,1004,1173,860,766,295,128,4197,3718,5750,3293,706,5144,3050,16921,1886,6218,6658,170,0,345,68,0,71,23,31,23,67,1006,1371,16,105,518,1199,948,427,68,6,3.48
47,BK91,50355,18127,2827,2828,3231,3569,3610,3681,3379,3287,3204,3635,3714,3572,2954,6864,50889,1451,780,1784,1880,3024,3287,2487,2299,766,369,7169,4703,13233,11896,1070,15365,7316,47639,4210,9947,844,81,1,126,3505,20,160,101,59,104,413,5306,1713,110,207,2094,5815,1667,294,52,33,2.88
48,QN52,26982,8421,1350,1318,1281,1602,2048,2108,1962,1958,1916,2191,2352,1875,1469,3552,55971,732,410,853,739,1151,1329,1080,1386,425,316,4108,5056,5252,7200,936,4986,5553,20048,1998,8415,2420,7575,101,305,4,2599,23,23,39,93,251,288,3005,253,240,658,1263,1454,447,24,0,3.16
49,MN34,58019,23111,3727,3662,3998,4794,5150,4947,4378,3997,3875,3846,3579,2790,2440,6836,26099,5242,2674,3323,2463,2926,2799,1533,1078,628,445,23011,11055,10461,12269,2614,17041,2162,53680,9356,8094,10070,744,27,72,0,28,146,27,19,17,106,515,406,356,7949,6138,4431,1905,900,550,236,2.51
50,MN33,57902,22937,3288,3231,3302,4308,5274,5601,4665,3844,3775,3761,3581,2981,2686,7605,35857,3638,2461,2744,2455,2818,3043,1566,2042,733,1437,15937,9192,8620,18814,4557,16954,1939,52694,7028,8490,7866,1342,28,138,29,187,245,37,25,60,31,193,480,764,5387,5482,4963,2633,1473,775,1241,2.34
51,BK82,91958,31286,6967,7161,7514,8555,7603,6663,5906,5739,6215,6563,5830,4635,4185,8422,32973,6516,2429,3860,3621,4500,4615,2772,2040,578,355,28905,11944,24457,12325,1726,23258,9464,86104,11536,12771,6471,257,74,813,378,14,225,70,186,171,1112,3789,2057,106,4975,6094,8078,4135,809,112,81,2.84
52,BK85,29343,9978,2423,2372,2417,2716,2596,2154,1925,1796,1939,2134,1932,1404,1141,2394,29527,2301,872,1335,871,1380,1301,750,912,194,62,10468,4765,6501,3409,447,7183,2300,26143,3616,4635,2319,55,8,42,171,0,66,22,20,63,126,1401,447,34,1893,1799,2367,1333,246,30,28,2.84
53,BX17,43423,14415,3753,3702,3836,4366,3516,3138,2807,2675,3005,2870,2549,1913,1594,3699,20879,3756,1822,2568,1703,1583,1595,635,581,116,56,19505,10525,6394,4490,1039,9147,2947,39325,6735,7795,9749,91,0,138,10,1,135,95,73,36,86,560,242,0,3692,3813,4178,1296,324,19,0,2.91
54,MN22,44136,22326,862,617,598,3259,7381,7720,5090,3376,2720,2463,2221,2145,1670,4014,72665,2089,888,2072,1524,1702,3160,3057,3201,2155,2478,6247,2289,3246,24444,6470,15038,1160,39281,3082,6424,1073,1229,77,0,2,57,314,27,31,35,33,225,999,837,1055,3907,2453,3201,3897,2407,2743,1.68
55,BK90,34158,15410,1342,1138,1307,1589,3351,5662,4232,2559,2057,1850,1830,1629,1471,4141,50777,1322,1375,1902,1426,1610,2243,1693,2219,1002,618,7140,5663,5614,12664,1337,14432,2451,31963,4295,4789,4085,2223,35,70,0,35,274,27,20,126,104,339,976,690,1725,3148,2428,2268,1672,1014,965,2.23
56,BX03,34517,11261,2225,2436,2568,3194,2684,2344,2064,2016,2413,2724,2398,2018,1755,3678,50334,1290,731,1136,1030,1416,2068,1547,1344,448,251,5999,4234,6143,7967,766,7615,6409,31459,4678,5218,1933,8,0,113,20,0,124,63,6,80,490,2585,937,68,1372,1542,2499,1436,200,11,0,3.04
57,QN29,88427,27648,5588,4970,4432,5050,7265,8837,8030,7333,6804,6510,5908,5022,4079,8599,47863,1977,1657,3492,3376,3767,5673,2617,3172,1037,880,17374,17140,17097,18588,3166,28573,6843,65782,7311,30203,21034,10763,155,4413,70,791,83,99,237,523,1100,1207,3098,215,311,2651,9308,5803,1351,172,106,3.11
58,QN50,25521,8290,1486,1455,1327,1314,1895,2496,2344,2182,1922,1931,1725,1447,1239,2758,55881,512,337,667,849,1307,2047,958,905,302,406,3539,4332,5446,7498,646,8595,3520,20997,1673,9809,4068,4284,15,1275,1,954,148,26,115,50,281,628,1860,170,63,397,1601,1923,608,56,10,3.28
59,BK95,29938,9930,2019,2010,1933,2161,2463,2384,2122,2018,2019,2222,2132,1783,1576,3096,40681,1228,719,1359,1159,1309,1756,1102,837,286,175,5772,3090,7184,5417,689,9030,2208,25213,2021,6536,732,0,0,57,1958,3,87,103,34,71,202,1006,707,52,381,1503,4174,1096,281,35,0,2.85
60,QN15,50058,16341,4557,3846,3661,3939,3659,3674,3324,3009,2945,3003,2967,2792,2214,6468,41916,2730,1268,2197,1239,1696,2505,1831,1607,640,628,10901,9206,7789,10415,1990,7627,10261,47242,8975,6816,5735,342,1227,0,186,47,73,112,131,5,283,2100,1420,85,2275,2424,4705,2091,496,210,84,3.13
61,BK42,105804,37722,7560,6818,6843,7476,8342,8879,8137,7629,7113,7177,7338,6547,5359,10586,45332,4049,2081,4135,4332,5513,7219,4292,3626,1421,1054,21379,14136,19291,28414,3416,32491,9995,94384,10571,21553,8319,664,2274,1735,6951,285,78,90,218,369,573,1319,2556,1526,1119,5240,15845,6619,1686,312,40,2.81
62,BK58,64762,23386,3894,4178,4487,5042,4877,4378,4086,4251,4215,4719,4892,4444,3687,7612,64519,1390,731,1901,2065,3054,4527,3164,3793,1721,1040,7974,6032,13960,19282,1311,17688,13068,66619,5907,9470,1927,260,224,132,5574,0,300,155,201,494,986,6628,4644,207,877,1785,3821,2030,556,57,41,3.14
63,QN22,72008,25739,3236,3044,2739,3474,4861,5393,5182,5347,5746,6333,5951,5077,4124,11501,39840,3192,1924,3905,2788,3407,4443,2427,2266,851,536,18044,14848,15239,18803,5011,14124,11218,53488,5470,29254,5497,29067,577,1394,50,4320,150,90,474,534,2331,1657,1491,121,1107,3580,7419,4632,1059,186,18,2.7
64,BX40,28262,8572,2688,2444,2263,2590,2593,2372,2099,1908,2066,1934,1652,1218,930,1505,22662,1806,1172,1686,951,980,897,645,348,46,41,12720,5933,4657,2814,1193,7249,1781,23409,3723,8264,8630,0,0,0,33,0,12,0,0,0,7,87,0,0,888,1783,4463,1006,251,0,43,3.11
65,QN17,83728,38748,4660,3586,2951,3122,3978,6366,7389,6941,5868,5868,6094,5882,5560,15463,67881,2301,1871,3197,2622,4342,6838,4986,6411,3209,2971,9601,4838,11147,42703,2550,26571,11879,80606,9417,11549,2754,4833,6237,388,132,314,242,331,799,1701,4360,4532,4735,1367,569,2812,6172,6456,2996,831,569,2.19
66,BK68,26079,12062,1548,1116,1163,1674,1932,2986,3067,2472,1808,1566,1378,1192,1179,2998,61990,1240,769,1142,1052,1169,1443,1619,1811,875,942,6790,3889,3584,11291,1442,9997,1699,27051,3414,3293,1857,1050,26,0,66,17,116,69,12,0,136,574,997,1187,2050,1930,1740,1135,1026,654,762,2.25
67,QN41,17812,6538,1032,1048,962,1046,1109,1193,1107,1291,1291,1423,1403,1236,1153,2518,69525,468,282,433,522,809,994,1136,1011,462,421,2427,1452,2681,7180,271,3163,4853,16606,1462,3079,830,2320,175,1,0,1714,47,16,32,235,142,129,2150,153,73,204,1039,1557,616,100,82,2.8
68,QN47,21751,10016,986,827,847,871,809,1042,1325,1307,1412,1511,1726,1647,1685,5756,71784,625,277,916,707,946,1744,1328,1754,1019,700,1562,1658,3830,9475,227,2860,6216,21098,3095,2450,72,1200,52,0,0,1065,154,57,203,635,1530,1293,2639,327,143,291,362,681,1097,163,86,2.23
69,BK45,45231,16906,2976,3112,2957,2741,2612,2562,2723,2966,2997,3201,3502,3140,3066,6676,72158,789,530,1262,1443,2003,2714,2385,3165,1505,1110,3155,2957,9567,14992,1023,6904,12887,45481,4353,2732,957,804,1798,223,357,52,266,161,181,115,284,3435,7166,577,46,617,1894,1312,428,73,30,2.86
70,QN44,22571,9127,845,857,967,1160,1176,1379,1402,1226,1293,1566,1672,1734,1537,5757,76863,331,286,740,635,1052,1418,1361,1938,773,593,1401,1711,4972,9044,290,2341,7634,21209,3101,1731,406,253,6,606,0,19,97,38,126,629,1418,1504,2974,235,44,367,518,684,157,123,0,2.47
71,QN19,32496,11586,1941,1890,1998,2149,2175,2381,2391,2313,2476,2543,2407,2000,1671,4161,64178,783,418,1211,913,1376,2063,1887,1828,697,410,3106,3518,8578,7383,923,7826,7397,31161,2782,4306,1836,224,138,0,0,16,80,32,42,60,196,2382,2994,55,139,911,2913,1575,168,59,21,2.87
72,MN21,27988,14734,708,445,380,1794,3626,4811,3339,2207,1640,1451,1445,1375,1498,3269,100900,921,348,715,587,894,2044,1810,2325,2049,3041,2054,408,1133,17845,4875,9904,798,26547,1616,2669,212,260,18,30,0,60,130,39,16,73,248,804,2601,1265,438,565,1458,1070,1519,1342,2390,1.74
73,SI14,16079,5559,937,990,1025,1023,1070,1070,1037,1055,1096,1214,1309,1102,1005,2146,69127,520,234,400,444,578,782,787,1197,362,255,1962,1274,2958,5099,221,2589,3892,14417,1789,1365,618,495,789,0,15,74,76,47,19,0,184,2130,989,71,475,390,581,328,161,28,22,2.76
74,BK26,29436,11264,1703,1543,1544,1912,2012,2151,1840,1885,1738,2075,2088,1972,1958,5015,35550,1565,1092,1631,1278,1453,1931,825,978,318,193,6486,4629,5697,8198,912,6602,3867,27230,4512,4537,1255,3763,3814,109,126,32,78,97,26,140,477,1020,1786,188,1713,1813,2601,966,194,28,20,2.66
75,SI54,40720,15618,2227,2389,2582,2657,2408,2360,2389,2697,2972,3319,3342,2872,2633,5873,88868,458,431,1107,904,1266,2357,2318,3630,1997,1150,3166,2256,10523,12502,259,5186,14289,41597,4286,2292,351,563,743,12,1,60,275,201,116,92,858,6934,4145,144,15,331,999,742,265,175,33,2.81
76,BK76,34719,15491,1199,970,959,1158,2834,6125,5128,3086,2217,1915,2141,1964,1624,3399,67928,1185,641,1267,1161,1537,2613,2504,2797,974,812,4089,2501,4685,16806,1732,14071,2874,28998,2504,4601,981,218,105,80,0,9,63,62,79,54,154,407,1587,740,466,1291,2386,3714,2532,1413,751,2.09
77,SI08,22460,7651,1494,1446,1449,2195,2315,1681,1441,1432,1477,1675,1524,1315,1061,1955,52788,915,270,623,726,1154,1216,734,1325,374,314,4688,2025,3388,5513,313,3614,4670,19625,1868,2569,1287,569,174,107,0,23,114,22,114,163,729,1375,863,123,974,723,1679,475,126,0,0,2.69
78,MN04,48520,18761,2668,2388,2523,3232,4776,5219,4245,3515,3424,3384,3125,2687,2183,5151,39019,3099,1305,2225,2117,2335,2852,1940,1714,524,650,13272,9749,7845,14431,1528,20529,2381,44547,5772,10453,10926,358,0,0,186,0,335,249,29,205,402,510,304,506,1752,4164,5014,2877,1185,718,301,2.7
79,QN12,36885,12537,2853,2834,2933,3106,2743,2375,2545,2439,2502,2634,2336,2001,1737,3847,39432,1861,912,1490,1446,1783,1912,1102,1394,395,242,9683,5992,6669,6906,517,6944,6273,34565,7110,4140,2967,250,330,98,117,52,796,103,101,172,688,1612,733,18,2448,3072,1779,973,268,40,26,2.86
80,BX26,37727,12931,3251,3091,3012,3367,3103,2909,2751,2515,2732,2780,2303,1785,1434,2694,23334,2512,1572,2734,1630,1668,1501,690,508,62,54,15591,7996,6115,4606,1105,9320,3217,33878,6591,9056,9952,56,0,3,21,0,53,49,40,69,24,218,77,6,1722,3867,5373,1240,115,0,15,2.91
81,QN07,20269,6265,1160,1154,1319,1567,1672,1470,1281,1295,1409,1627,1549,1234,1109,2423,59368,495,267,561,559,723,1204,655,1086,492,223,2337,2414,4619,4806,194,5151,4827,18460,2210,3047,719,23,12,54,610,1,72,16,16,30,197,2283,733,22,147,493,1333,455,136,0,28,3.44
82,BK25,44316,15496,3474,3065,2931,3020,3382,3372,2883,2763,2501,2663,2617,2673,2580,6392,47882,1479,1021,1832,1543,2185,2551,1611,1965,648,661,8536,4540,7609,12918,1717,8949,5756,40709,4215,6778,1681,1730,5016,127,29,100,124,46,157,155,689,758,2620,1210,501,1192,4531,2223,464,240,149,2.85
83,MN13,70150,41343,2601,1646,1339,1891,6111,9675,8828,6684,6044,5331,4664,4070,3645,7621,101369,2439,1421,2694,2156,3422,4460,3866,6217,3957,10711,9508,3701,5103,48690,14418,25899,2758,73015,5693,10186,2318,1804,431,63,0,435,522,697,345,125,263,1172,3278,5423,2333,5232,3355,2833,3245,4202,8520,1.79
84,QN31,63271,27397,3449,2665,2459,2693,4407,7736,7779,6242,5243,4264,3871,3357,2871,6235,61736,1705,1325,2528,2486,3278,4824,3478,4052,1689,2032,8947,8440,10660,27272,2201,28801,6106,55308,3952,18979,10316,1445,163,2869,5,1054,69,37,73,266,846,1407,2468,614,358,1919,7516,6288,1964,1850,2014,2.35
85,BX27,27204,8624,2270,2190,2262,2482,2525,2176,1924,1778,1810,1827,1521,1224,989,2226,22572,2022,1111,1541,1138,1140,1060,348,215,20,29,10343,6171,4102,2806,866,5833,1481,21643,2957,5807,7737,78,0,0,0,3,81,50,47,22,14,272,56,4,2068,2141,2412,820,132,26,23,3.0
86,QN28,108152,36963,6745,5855,5701,6302,7846,8811,9328,9017,8417,8006,7397,6600,5328,12799,48869,2686,1587,5067,4549,4943,6754,4955,4017,1304,1101,17436,17640,22493,25789,3167,32662,13182,85142,8268,32699,29875,3212,486,4486,57,521,231,329,812,1227,2778,3266,4493,198,491,3307,11007,6598,1238,153,17,2.82
87,QN61,53751,16172,3818,3468,3281,3650,4408,4571,4473,4031,4020,3836,3570,3121,2317,5187,39763,1549,1115,2407,2023,2647,2995,1363,1223,574,276,12150,11590,10312,10593,1761,16028,5874,45811,5629,17327,11231,241,22,6006,370,33,76,159,212,134,341,1669,1302,66,873,1832,5764,2780,468,19,15,3.39
88,QN06,25480,9329,1279,1303,1334,1531,1842,1737,1667,1617,1734,1800,1916,1870,1726,4124,65504,382,204,799,764,1493,1589,1167,1421,844,666,2516,2464,3951,10066,344,5381,6170,24227,2281,4320,1263,411,245,1371,263,28,95,164,583,437,199,825,2039,552,36,533,2127,1225,230,0,111,2.79
89,BK41,36891,12187,2677,2680,2545,2647,2709,3090,2901,2749,2315,2335,2410,2153,1766,3914,45483,1166,962,1749,1237,1469,1908,1583,1290,535,288,9333,4374,5091,11323,1064,10029,3727,33594,3499,6874,2710,1132,2365,1974,160,18,61,32,168,168,587,709,1665,383,311,1005,3530,2091,777,214,131,3.06
90,QN60,23278,10106,1368,1152,1029,1087,1334,2081,2265,1948,1693,1626,1623,1495,1410,3167,65035,409,426,924,947,1088,1997,1447,1632,758,478,2872,1883,2945,9849,668,6595,3638,21740,2143,3229,1478,421,846,289,0,35,85,25,296,580,873,893,785,188,40,747,2737,2116,364,87,19,2.37
91,QN37,37479,13198,3184,2224,1984,2270,3302,3403,2941,2352,2071,2224,2430,2324,2079,4691,61348,698,685,1323,1003,1586,2488,1618,2142,1066,589,4402,2870,6001,13362,1263,7005,8067,35588,2910,4674,1297,3073,1096,155,73,260,121,155,348,1216,1500,885,2443,211,49,847,2492,1784,643,39,199,2.82
92,BX30,32496,10400,2603,2251,2288,2677,2739,2760,2362,2074,2139,2082,2034,1680,1351,3456,31330,1606,1075,1640,1331,1487,1587,1001,481,81,111,8847,6858,5466,4644,1070,9527,2405,26245,3784,7835,9481,128,56,139,32,0,67,130,333,238,232,203,12,5,1162,2291,4495,1087,293,14,0,2.8
93,QN66,24453,8078,1180,1404,1575,1787,1760,1431,1461,1406,1796,1955,1901,1576,1524,3697,83165,233,197,531,465,880,1278,1393,1760,933,408,1547,1902,5047,7710,203,5256,7112,24664,2680,3054,175,99,0,20,598,0,164,99,167,85,298,4567,915,25,50,166,788,450,232,33,6,3.31
94,MN31,80771,43237,4371,2648,1927,1624,5054,11182,10029,7096,5631,4900,4518,4555,4814,12422,98797,2572,1127,2026,2232,3032,5984,4880,7056,3654,10674,5974,1976,4904,53904,13394,24481,4648,76441,5270,13855,1776,823,660,68,11,154,235,149,163,0,111,2009,4565,4788,796,2141,4253,7584,6070,4054,6156,1.81
95,MN14,61489,31811,3656,2036,1547,2104,3274,6009,6997,5709,4701,4003,3876,3707,3720,10150,120337,1998,824,1839,1207,1820,3088,2989,4721,3851,9474,4459,1322,3354,39861,6259,20714,2087,57601,4281,7467,951,782,103,108,43,335,165,84,82,40,280,2123,4002,6349,1222,1723,2755,2072,2371,2133,6778,1.78
96,QN57,26148,10796,1256,1316,1277,1333,1297,1447,1680,1609,1780,1808,2026,1791,1881,5647,69112,422,571,870,782,1342,1827,1494,1621,1047,820,2998,3261,6436,7775,282,3885,8446,26409,3966,1428,1012,220,83,0,57,0,126,320,822,927,773,911,3531,150,70,327,903,1127,318,0,0,2.69
97,BX33,26196,8607,2333,2138,2143,2271,2288,2232,1933,1704,1754,1697,1425,1177,903,2198,24214,2020,1078,1277,1050,975,1366,324,406,71,40,11243,7032,4442,2921,776,6920,1452,24556,3481,6089,8189,411,0,9,29,0,55,12,0,15,161,334,66,8,1989,2422,2638,935,81,70,10,3.07
98,MN28,72957,30853,3406,3505,3747,4341,5721,6382,5419,4884,4780,4916,5006,4755,4141,11954,31273,4924,3669,4783,3184,2913,4138,1668,3082,807,1685,21846,15072,12020,21667,7284,16916,2469,66932,13454,8002,9226,12215,194,76,0,22,461,80,29,13,206,1132,2426,621,9303,7924,4580,1522,1092,1070,1276,2.22
99,BK44,38917,15103,2312,2233,2243,2491,2679,2553,2396,2263,2402,2716,2921,2794,2676,6238,55840,1091,1071,1647,1311,1751,2669,1577,2381,776,829,5778,4026,7299,13590,1341,9325,5736,36970,4093,6076,999,3729,5016,247,16,169,121,80,70,168,476,1486,3989,584,478,1130,3930,1540,384,69,47,2.7
100,MN06,22950,8082,1334,1394,1505,1863,2247,2188,1706,1527,1554,1569,1383,1163,974,2543,29182,1781,953,943,918,1303,917,599,421,168,79,7664,4736,3504,5304,861,8224,695,20306,3027,5142,5608,195,26,0,0,0,37,10,0,13,34,127,85,36,1884,2222,2065,741,589,182,110,2.83
101,MN01,46746,18470,2812,2541,2769,3178,3752,4006,3750,3492,3482,3314,3230,3032,2387,5001,39003,2113,1337,2988,2181,2269,2823,2313,1464,678,304,13770,9850,7792,12517,2214,16051,3727,46050,5409,12448,18188,15,38,92,0,75,80,15,0,52,394,568,350,117,2039,3996,7209,2906,663,14,155,2.76
102,SI12,31474,10038,2357,2410,2631,2694,2442,2198,2128,2314,2384,2330,2225,1723,1341,2297,53441,1404,553,903,867,1049,1432,1472,1468,512,378,6619,3287,5417,6368,307,4606,7013,27056,2738,3364,2425,194,43,132,0,62,174,95,116,223,1966,3079,380,41,796,1025,1021,685,310,20,0,2.97
103,QN30,30516,10699,1970,1799,1683,1713,1959,2341,2500,2427,2358,2184,2313,1863,1573,3833,56689,855,501,1065,1004,1406,2070,1518,1352,558,370,3253,3042,7056,7177,762,6484,6494,24751,2225,4802,2330,1218,35,4,18,141,126,55,70,81,305,1651,3179,83,65,562,2132,1921,292,85,15,2.66
104,BX34,39214,13657,3290,3331,3225,3751,3358,3081,2713,2544,2628,2570,2210,1666,1443,3404,22537,3111,2040,2226,1839,1683,1445,573,569,81,90,18196,9190,6647,4345,1479,9879,2177,37152,6166,7380,10714,0,0,28,10,0,86,43,65,96,271,403,168,44,4029,3501,4170,1014,222,37,0,2.99
105,QN21,37929,14997,1938,1928,1850,1846,2005,2500,2674,2635,2832,2863,2935,2698,2315,6910,69763,910,731,1327,1155,1485,2392,2209,2853,1159,776,3055,3713,8973,11263,991,7211,9155,34535,3636,3716,1488,872,521,47,0,78,204,102,51,46,161,2074,5957,130,87,679,2489,1781,349,53,6,2.57
106,MN17,28630,15944,819,408,326,1328,3303,4552,3419,2469,1870,1768,1559,1582,1442,3785,114491,1382,797,927,766,1165,1107,1119,2390,1778,4513,3656,889,1657,17593,7281,6460,741,26403,1659,6159,542,449,159,0,0,743,66,61,38,22,78,328,1035,1698,1137,1150,775,931,1191,1715,5177,1.69
107,BK43,52835,18672,4006,3685,3824,4106,4038,3800,3053,2869,2823,3049,3304,3298,3091,7889,43687,2339,1575,2254,1909,2050,2768,1773,2002,908,1094,12571,4750,7387,17134,2526,9865,7298,48525,5978,7376,2081,1014,6579,412,132,14,66,70,161,197,344,652,3362,1217,1096,1746,6112,2366,566,102,160,2.83
108,MN09,55929,19873,2098,1849,1846,4827,10046,7417,4454,3197,2880,2795,2970,2791,2311,6448,56371,3128,1018,1979,1784,1482,2381,2009,2193,1385,2514,10143,3359,4098,22864,4971,13669,1225,49829,4625,8951,3553,1620,96,18,41,194,58,4,16,32,222,787,1547,1284,2195,2401,2674,2633,2063,1317,1613,2.25
109,BX35,37865,13019,3180,3155,3258,3560,3173,2884,2595,2552,2574,2644,2364,1811,1368,2747,26339,2631,1333,2341,1456,2044,1544,785,654,147,84,13843,8026,6847,5013,1324,9100,3265,34556,5695,7650,9925,21,0,0,46,19,169,34,54,60,72,477,174,72,2792,3994,4085,1094,154,0,0,2.83
110,BX39,52413,17853,4333,4251,4243,5168,4787,4089,3750,3241,3338,3364,2924,2225,1965,4735,20334,4238,2500,3757,1995,2091,1747,851,378,197,99,24765,13064,8327,4329,1773,12976,2482,46509,8849,9386,16470,113,2,41,69,0,91,105,36,23,121,512,177,0,6407,4933,4122,1463,252,38,39,2.93
111,BX41,51807,16806,4481,4102,4030,4578,4508,4144,3639,3446,3597,3707,3447,2670,1930,3528,26195,2707,2141,3280,2239,2501,2246,917,572,139,64,19742,11306,8971,6338,1767,14087,3602,45199,6820,14593,17034,0,11,70,47,35,70,35,46,6,90,272,79,11,1519,4173,7912,2142,227,39,15,3.02
112,QN51,51739,17665,2539,2295,2254,2743,3236,3816,3759,3750,3751,4097,4331,3668,3201,8299,52696,1519,727,1665,2443,2151,2850,2140,2233,1031,906,8670,9025,10819,14658,2828,9155,10830,41347,4273,15466,3821,11294,88,701,25,6818,148,46,297,513,462,768,5247,433,332,1171,3771,3007,564,49,108,2.93
113,MN20,50742,25629,1520,897,739,1069,7591,9722,5772,3896,2858,2724,2600,2614,2568,6172,97458,1773,966,1331,1070,2119,3128,2702,4778,2526,5236,5617,2030,3003,29714,12535,12555,1065,45322,3999,6301,808,1191,206,109,0,425,53,15,26,0,69,2062,3425,1792,1566,1524,1830,2341,3200,3010,4895,1.74
114,SI35,17525,6161,1095,1206,1168,1044,1098,1100,1116,1095,1220,1332,1441,1275,1042,2293,76522,420,87,530,460,604,931,796,1228,582,523,2661,1459,3274,5273,203,2356,4896,15820,1495,1825,915,97,41,28,18,14,65,44,100,69,346,1741,1462,83,99,260,1246,382,162,28,0,2.84
115,SI45,21896,7709,1266,1247,1272,1375,1504,1353,1332,1439,1647,1775,1827,1543,1326,2990,78100,358,252,577,608,881,1047,1060,1501,926,499,1972,1322,5176,5588,251,2849,6144,19988,2475,1739,677,385,717,10,0,11,76,49,38,154,545,3015,1620,65,33,340,1009,359,224,30,26,2.78
116,SI05,39597,13491,2318,2391,2441,2629,2527,2507,2537,2569,2538,2773,2942,2880,2701,5844,78548,567,464,931,936,1343,2219,2011,2458,1584,978,3954,3147,9560,11025,386,4779,12140,37917,3634,2749,558,903,185,62,0,197,230,56,67,22,704,5060,3693,80,372,1155,864,1012,267,29,8,2.91
117,QN26,52037,12230,4677,3776,2987,3466,5546,6365,5664,4776,3804,2968,2316,1689,1347,2656,46568,566,594,1639,1672,2136,2171,1534,1464,290,164,12220,16136,10740,3904,2309,18604,4616,34450,4306,25510,28102,1433,0,337,123,35,63,54,134,41,201,632,1399,37,267,1380,2902,3432,1326,97,21,4.48
118,BX22,27860,10915,1562,1216,1080,1867,1950,1512,1676,1640,1626,1627,1795,1892,1791,6626,78895,654,343,651,636,1138,1764,1742,1899,798,1290,2229,1557,2792,12093,784,5082,5008,24985,3053,2137,1055,196,367,7,2,190,79,293,345,719,1161,1051,1350,410,124,610,1649,1697,764,178,147,2.23
119,BK73,45774,21475,3006,2368,2114,2397,4478,7449,6144,4262,2863,2256,1909,1753,1514,3261,61381,1904,1554,1831,2071,2038,3158,2292,2934,1642,2051,10713,5876,5751,23763,2929,22002,2856,48606,4263,7304,5719,446,296,196,0,113,92,6,30,25,137,161,1531,1558,1521,3261,3280,2778,2894,1867,3516,2.34
120,BX43,40494,14292,3390,3085,2738,3011,3272,3791,3473,2946,2860,2818,2515,1944,1578,3073,35319,1996,1400,2064,1631,1821,2866,1189,961,238,126,13867,8252,7604,6794,1736,11149,2905,36455,5993,11381,9710,119,0,1607,4,201,41,92,51,55,24,197,176,16,768,2454,8043,2020,227,54,0,2.86
121,QN42,28237,11105,1279,1463,1646,1613,1408,1551,1643,1914,2124,2374,2416,2193,1954,4659,73060,619,421,984,725,1087,1854,1624,2231,797,763,2512,2179,4475,11440,183,4049,8565,26564,2337,3634,378,3961,219,47,0,2055,132,108,229,1051,2256,718,2840,481,50,420,816,1217,502,65,66,2.59
122,SI25,22049,8130,1103,1267,1402,1436,1204,1154,1221,1358,1654,1822,1733,1461,1413,3821,76980,368,237,775,702,604,1306,921,1674,960,583,1474,1291,5263,5765,167,2699,6033,19795,2458,812,152,128,584,0,0,24,155,16,33,0,129,2712,2312,224,182,292,1256,406,81,0,11,2.57
123,BK79,31935,12101,2493,2387,2569,2760,2551,2482,2204,2131,2303,2350,2056,1549,1206,2894,33125,2061,1218,1824,1176,1790,2031,766,884,250,101,9869,5479,6715,5596,568,9515,2685,30010,3723,4624,1741,124,0,39,183,0,85,66,65,34,172,683,1181,219,1102,2903,3792,1417,598,32,10,2.64
124,BK46,20299,6720,2088,1576,1519,1552,1629,1591,1321,982,1015,966,1070,1184,1132,2674,50540,677,421,850,582,809,982,697,884,375,443,4005,1673,3035,5671,1068,3294,3193,19489,2060,2156,848,258,1123,69,0,5,71,74,84,96,207,229,1292,820,164,569,1544,941,352,74,93,3.11
125,QN71,27814,11318,1425,1385,1397,1596,2307,3737,3029,2431,2070,1741,1513,1255,1090,2838,46840,972,637,1340,1406,1707,1540,1255,1444,619,398,5610,3961,4260,9956,953,10337,2462,23757,2749,5547,4002,128,43,623,16,66,27,51,48,23,219,327,751,114,791,1327,2565,2872,1387,323,284,2.43
126,SI36,24835,8747,1323,1373,1406,1575,1572,1688,1635,1737,1824,1996,1967,1737,1368,3634,63885,390,543,920,838,848,1465,1181,1464,689,409,3343,2367,6147,6284,454,3576,5868,22804,2993,2258,882,511,1048,36,0,25,128,27,73,115,274,3193,1855,25,459,588,942,520,208,44,0,2.8
127,QN56,21376,7079,1305,1322,1463,1621,1562,1526,1490,1477,1709,1647,1745,1268,1064,2177,65786,492,250,742,371,683,1561,1026,1203,480,271,3642,3355,4882,4614,497,4797,4819,21087,2515,3509,2924,333,0,1147,0,10,125,19,5,55,146,2491,1098,52,38,302,1508,860,207,0,15,3.37
128,BK37,67649,31226,4548,3104,2392,2144,3610,8882,9258,7321,5578,4419,3973,3706,3109,5605,101784,1199,703,1026,1265,2640,4320,4257,5554,3791,6471,5331,3653,4045,43696,3394,30296,4681,69486,4363,6082,3370,293,168,76,88,98,105,78,122,87,242,1063,4445,6101,582,1566,2590,4110,4048,2754,2872,2.36
129,BX46,29821,12464,2014,1868,1649,1778,1806,2526,2577,2291,2255,2296,2273,1988,1565,2935,46747,1286,696,1282,1414,2097,2572,1651,1108,260,98,5348,4202,5746,7324,831,10482,3335,28015,3541,4180,2666,59,0,1511,18,58,223,658,710,635,252,251,46,0,416,1207,6521,1622,0,0,46,2.43
130,BX10,26583,11536,1361,1247,1376,1307,1451,1809,1929,1737,1886,2020,1963,1775,1663,5059,59446,746,628,1126,1188,1396,1739,1540,2260,483,430,3095,3178,5881,6608,482,4459,6495,24161,4119,1313,1527,107,4,32,45,85,154,46,117,178,330,1838,1811,32,396,806,3217,1643,319,21,31,2.33
131,BX49,30073,11505,1950,1732,1597,1751,2223,2977,2635,2231,2067,2038,1893,1617,1481,3881,47806,1114,839,1026,1276,1829,1890,1336,1259,591,345,4614,3960,5643,8066,1508,7437,4478,26236,3576,5392,3404,454,223,50,8,41,48,135,227,251,182,982,1034,8,223,1314,4400,1688,443,60,8,2.6
132,QN38,34034,11789,1727,1740,1880,3706,2958,2239,2073,1941,2027,2332,2357,2212,1824,5018,48386,1543,708,1473,1070,1174,1977,1249,1598,614,383,6440,3555,6356,10106,975,5674,7775,33651,3344,4670,1663,4356,907,164,54,227,482,31,74,22,104,957,3581,269,852,2083,1567,1300,317,28,0,2.86
133,SI28,20191,6274,1492,1470,1440,1585,1554,1483,1410,1314,1502,1404,1301,1144,1042,2050,61952,787,284,611,454,586,789,932,899,647,285,3958,1692,4962,3777,220,2720,4751,16916,2049,2471,1948,43,53,39,11,0,120,0,11,49,705,2386,664,45,172,435,1230,395,101,0,0,2.99
134,BK64,19849,9334,1267,767,584,634,1100,2686,3008,2271,1664,1270,1055,1014,889,1640,84323,393,279,805,576,771,1385,1228,1863,910,1124,2323,1209,1877,11523,835,8778,1112,18784,1556,1851,340,219,31,128,105,0,32,0,9,12,162,353,1450,1215,215,653,1453,1539,1088,600,383,2.18
135,BK60,67459,25936,4205,3803,3854,4321,5041,5832,5098,4538,4461,4588,5103,4372,3713,8530,42462,2857,1819,3290,2990,3706,5112,2662,2149,814,537,14671,8188,14293,16384,1592,22529,5312,60200,5450,12581,2270,378,23,89,3312,21,182,50,118,187,333,1332,1557,793,1213,4129,11331,3731,640,185,155,2.54
136,QN34,52504,15941,2981,2937,3360,3899,4004,3683,3508,3289,3691,4026,4107,3517,2991,6511,71313,768,565,1318,1196,1803,2750,2670,2921,1385,565,5842,6312,12431,12543,392,11068,14025,48971,4764,7830,3027,261,22,1020,2412,63,218,40,13,111,613,7521,1873,93,169,524,2194,1445,260,59,15,3.51
137,QN62,20800,6283,1100,1066,1043,1151,1554,1631,1502,1473,1553,1750,1708,1438,1210,2621,53836,421,179,629,824,793,1506,592,774,284,281,3041,4634,4570,4686,300,3626,5101,17126,1459,6162,1844,8193,0,41,19,134,63,65,11,8,46,749,2298,263,6,307,1002,732,284,17,34,3.55
138,QN68,20030,7423,1304,1273,1291,1568,1656,2068,1628,1399,1426,1349,1254,1005,897,1912,28378,1350,908,1152,852,805,860,723,448,194,131,6297,3262,3967,4038,796,5698,1162,16601,2334,3694,3198,526,9,902,30,240,20,16,5,15,26,60,344,28,2752,1652,1204,915,318,204,152,2.39
139,QN18,28260,12336,1437,1214,1172,1204,1597,2193,2297,2162,1942,2061,2160,2120,1959,4742,50871,999,508,1441,1140,1997,2066,1528,1635,644,378,3823,2348,4595,12303,1373,8224,3682,25058,3236,5565,1567,2395,2318,121,0,160,79,36,378,534,1180,927,1574,356,116,1114,2838,2096,523,120,153,2.29
140,QN54,62982,17358,4248,4142,4403,4910,5070,5176,4593,4577,4775,4992,4593,3528,2681,5294,58473,1185,795,1499,1609,2207,3627,2474,2514,962,486,11745,12481,13702,12550,1875,16218,11775,57299,5902,16429,8711,553,186,3973,109,41,154,91,46,98,446,3757,3272,83,181,1175,4108,3387,385,28,0,3.88
141,QN20,69317,23985,4881,4350,4220,4641,5421,6793,6497,5568,5072,4706,4610,3747,2861,5950,49776,2455,1206,2944,2269,3162,4207,3228,3034,876,604,12223,9681,15487,14783,2482,23965,7854,59469,3830,18307,10264,1558,49,203,0,98,238,48,71,40,331,1884,2766,137,258,2282,9953,4624,714,187,213,3.01
142,QN05,25063,7844,1460,1685,1815,2049,1937,1764,1643,1591,1798,2129,1996,1656,1234,2306,83647,250,141,337,541,1004,1237,1191,1746,990,407,2205,2180,5144,6773,189,5067,8138,25371,2317,3650,780,97,0,80,702,6,145,11,23,4,408,2859,1187,17,50,175,964,1254,441,16,6,3.6
143,SI32,20763,7335,1245,1430,1374,1340,1387,1302,1265,1493,1649,1565,1659,1374,1245,2435,83743,428,280,446,441,496,1211,1045,1210,861,917,2449,988,4447,6331,229,2462,6820,20708,1617,344,142,229,87,0,0,292,113,37,38,17,232,2113,3670,236,0,137,384,159,68,106,0,2.88
144,BK96,55326,20150,3462,3395,3566,3908,3951,3966,3710,3599,3687,4136,4303,3512,3110,7021,44027,2314,1280,2362,2266,3024,3555,2254,2031,675,389,10428,6215,13600,11259,1137,15484,7231,48636,5462,10389,794,22,37,41,1287,9,112,116,39,106,175,4039,1635,79,679,2772,7636,2431,302,24,19,2.65
145,BX52,44167,16846,2443,2623,2667,3370,3331,2751,2952,2956,3243,3367,3063,2649,2342,6410,67549,1486,995,1489,995,1579,2541,2570,3209,1077,905,6203,5574,10041,10922,1190,7243,12064,43430,5973,3218,3433,388,17,81,0,8,349,81,154,137,690,4781,2208,95,906,1439,2709,1946,664,82,67,2.78
146,BK21,31965,10864,1926,1979,2247,2799,2445,1819,1685,1639,1784,1970,2119,2000,1829,5724,23229,2781,1226,1711,900,1197,1346,593,617,300,193,9331,5532,5653,6032,913,5399,2693,26479,6543,2919,2089,1642,3565,113,180,6,93,35,24,26,109,860,462,78,3747,2531,1718,949,236,20,8,2.59
147,BK17,64518,25805,3276,3184,3135,3608,4216,4161,3901,4102,3938,4558,4928,4979,4882,11650,51314,2795,1788,2822,2486,2823,3967,2869,3735,1151,1369,10610,6990,12123,23496,2056,13906,11143,61362,9083,8431,1329,3953,10848,99,160,78,376,392,925,1179,1493,3324,5368,935,1820,2845,4159,2396,392,154,117,2.49
148,MN24,42742,19761,2499,1667,1200,1236,3921,5354,4943,4284,3423,2768,2455,2517,2248,4227,118931,1416,555,1182,821,1159,2012,1492,2814,2020,6290,3605,2742,2471,24907,6329,13186,1604,40594,2484,6402,647,3153,35,21,0,48,61,22,18,25,138,207,772,4474,951,2129,1803,1561,1615,1905,3862,2.09
149,BX55,35634,11340,2903,2699,2740,2979,3033,2886,2601,2404,2432,2339,2109,1777,1525,3207,30681,1788,1139,1920,1317,1605,1738,759,755,199,120,13095,8655,5851,4246,1067,9676,3012,31348,4286,9782,9297,142,0,652,56,45,184,68,87,44,145,828,379,0,1684,2456,4155,1291,197,34,0,3.14
150,BX09,53686,18834,3492,3761,4304,5123,4187,3358,3188,3294,3687,3762,3384,2916,2825,6405,36129,2708,1647,2674,2167,2444,2730,1693,1932,535,304,16997,9497,10795,8862,1130,10452,8235,51547,9833,5630,9503,80,0,25,42,1,416,124,177,182,779,3153,509,11,3650,4832,3314,1188,537,120,17,2.93
151,QN01,38894,12048,2613,2818,3019,3382,3108,2801,2514,2530,2776,2815,2666,2032,1669,4151,47732,1260,912,1288,1071,1702,2202,1721,1218,481,193,7678,5500,9189,6453,634,9166,6949,35319,4025,7244,2337,170,0,822,236,14,170,102,34,170,858,3270,796,79,1228,1434,1997,1416,361,21,55,3.41
152,QN55,75878,22416,4463,4701,5165,5908,6053,5473,5024,5287,6027,6242,5870,4678,3690,7297,57849,1230,982,2229,2324,3172,4040,3006,3292,1259,882,12117,15062,19127,13985,1415,18422,18418,74159,9068,17089,5237,311,14,1768,194,61,384,112,134,92,1055,8454,3731,177,231,1115,3338,2358,418,52,32,3.85
153,QN02,25409,10266,1422,1414,1542,1797,1656,1528,1570,1577,1831,1964,1895,1694,1659,3860,51341,629,494,1215,1120,1526,1879,1551,1260,446,146,2403,2437,5822,6571,472,5626,6076,25619,3803,1689,57,31,0,0,310,0,405,153,64,18,265,1922,788,59,116,2107,3625,630,83,24,0,2.58
154,QN03,20132,5832,1453,1337,1456,1567,1586,1497,1378,1270,1424,1591,1425,1098,953,2097,79042,201,245,191,386,511,1235,909,1364,588,202,2655,1958,4042,4253,223,4143,4966,19947,2126,2707,420,26,0,0,417,0,138,19,0,35,360,2241,827,49,0,290,513,902,331,37,8,3.5
155,BX29,30161,13182,1807,1467,1312,1406,1901,2005,2258,2010,1956,1921,1945,1919,1976,6278,67534,768,679,1119,837,1595,2117,1783,2188,1024,1072,3814,3042,4159,12452,1111,7567,4938,28215,3119,3433,3097,266,241,64,7,92,170,192,353,721,894,1525,746,165,753,1239,2794,2285,644,330,161,2.3
156,QN08,48593,15694,2799,2943,3325,3825,3619,3098,2910,3012,3421,3935,3764,2929,2529,6484,69975,667,520,1359,1227,1860,2795,2437,3160,1024,645,4929,4409,11396,11862,539,11374,13160,48866,5431,6264,842,48,11,11,1044,19,360,35,104,53,1003,7942,1391,79,164,804,1865,1383,209,127,4,3.44
157,SI37,26453,9370,1827,1875,1822,1937,1970,1907,1938,1772,1860,1896,1912,1579,1227,2931,56462,911,420,1193,886,957,1284,1172,1427,762,358,5735,3707,5508,5690,442,4938,5442,22523,2932,3915,2714,646,303,270,171,119,83,31,85,133,737,2763,490,140,848,1010,1751,823,254,61,8,2.74
158,BK93,13354,6322,634,656,795,910,844,736,742,689,743,789,830,756,805,3425,27397,1235,1015,757,498,1187,1007,336,201,28,58,3837,2320,2889,2670,185,2375,1514,11666,3258,719,395,180,1622,0,210,41,0,12,0,0,0,60,63,0,2662,823,1889,702,120,0,12,1.92
159,QN72,47534,19936,2249,1833,1773,1849,3529,6395,5404,4045,3409,2980,2939,2469,2190,6470,60618,1354,766,1790,1627,2492,4171,2427,3249,1286,774,5010,5164,7683,19570,1829,16892,6574,42942,4421,6784,3142,432,52,844,12,210,82,60,36,104,313,785,3845,472,364,1281,4098,5393,1652,626,168,2.44
160,BK35,63504,24825,4290,4158,4424,4987,5316,5466,4908,4371,4511,4736,4172,3304,2739,6122,37082,4314,2240,3013,2425,3078,3385,2368,2476,837,689,19154,9311,12834,14889,1242,20313,4905,60174,7330,6231,3809,236,39,287,138,22,196,210,72,79,148,1165,3138,1330,3599,4258,5423,3397,1317,340,257,2.61
161,MN50,21049,10414,794,557,493,449,2856,3138,1718,1124,1111,1206,1222,1365,1290,3726,95022,747,513,460,484,742,893,1708,2159,1117,1591,2289,241,761,13847,2361,7893,1061,20404,1839,1807,39,178,47,176,0,305,0,0,0,0,0,0,0,0,69,50,2089,3415,1336,388,3133,2.05
162,BK34,72340,20290,5949,5172,4362,4832,6323,7374,6586,5682,4889,4835,4311,3606,2757,5662,35636,2037,1824,3572,2550,3340,3111,1926,1221,482,227,25560,25234,9466,8497,5423,19097,5380,59361,5752,27387,11230,25298,368,518,0,57,48,217,103,174,290,731,2058,653,977,3537,6579,3612,536,55,0,3.6
163,BK32,54041,16697,3841,3381,3054,3531,5003,6214,5385,4442,3935,3441,2959,2439,2068,4348,44165,1601,1072,2057,2111,2330,2859,1600,1972,539,556,16291,15040,8752,10987,3289,17917,3838,43122,5264,16711,18364,4670,315,233,20,73,256,86,22,50,164,522,1960,734,946,2196,4738,3520,1014,181,114,3.28
164,SI24,30714,11300,1498,1595,1818,1962,1821,1802,1754,1835,2103,2239,2374,2354,2234,5325,80761,432,401,604,813,1279,1799,1397,2346,1162,1067,2695,2376,7071,10169,257,3214,10300,29544,3389,2399,356,926,348,24,15,638,193,42,118,94,948,3142,3447,929,133,499,976,586,267,65,43,2.72
165,MN19,51231,29006,1849,1076,761,993,3523,6966,5430,4026,3284,3092,3159,3463,3691,9918,113998,1382,529,1664,932,1975,3140,3345,5214,2669,8156,2613,828,2065,35843,12733,12522,2861,47857,3722,5399,266,471,49,39,0,180,84,47,95,68,538,2279,5123,4702,315,751,1527,2801,2980,2244,5128,1.68
166,BX36,54188,18103,4350,4300,4348,5154,4757,4164,3694,3408,3789,3983,3566,2805,2147,3723,25073,4014,2060,2957,2468,2550,2295,1024,556,163,16,23953,10379,9677,6886,1551,13712,3767,48338,9022,11474,15444,0,0,364,98,0,34,16,29,4,64,331,305,4,4174,4378,7280,1910,108,8,8,2.85
167,MN40,61207,28745,3174,3136,3003,2277,2339,3690,3537,3637,4186,4142,4214,4172,4943,14757,155213,1240,270,1105,998,1229,2623,2549,4076,2709,11946,3061,814,2387,40135,5566,14325,2951,57516,4633,4739,457,170,116,0,0,51,243,60,40,0,130,701,3201,12565,266,683,1246,2241,2188,2262,2196,2.01
168,MN12,132378,66482,7197,5482,4817,4338,6600,11971,11292,10406,10004,9557,9393,9469,9283,22569,92268,5054,2829,4048,3912,5523,7655,6109,9962,6359,15031,14481,7660,8766,81226,6039,51982,5738,125732,13609,14070,6391,1322,330,68,360,287,313,148,247,47,417,1595,6669,11075,4627,7642,7465,6617,6831,4933,5885,2.0
169,BX28,50100,17359,3583,3176,3315,3987,4029,3991,3592,3314,3519,3675,3291,2995,2333,5300,40669,2119,1306,1952,2227,2543,3467,1919,1276,431,119,12966,9118,8862,9381,2070,14635,4620,43548,5495,10650,11578,209,135,34,34,176,1230,232,174,132,360,523,345,16,951,2827,8136,2498,192,50,21,2.8
170,BX37,29250,9626,2057,2072,2092,2204,2141,2242,2240,2046,2139,2057,1919,1559,1264,3218,44588,921,650,1165,1118,1368,1815,957,1250,245,137,6740,4664,5422,5852,1078,6629,4268,25029,3597,5583,4157,205,14,602,3,0,135,32,45,28,131,1429,746,32,200,1066,3588,1615,232,26,13,3.05
171,MN35,67136,25647,3875,3278,3411,4208,6501,5997,5213,4761,4704,4457,4469,4142,3523,8597,50192,2673,1600,3078,2385,3046,4527,3311,2941,921,1165,15373,14700,7770,22891,4138,24173,4134,64288,7621,18010,22028,266,522,0,28,37,314,32,0,25,605,1076,941,204,1274,5078,8546,5214,1397,499,214,2.75
172,MN36,84438,29028,4501,4022,4486,5888,8377,8417,6680,5610,5646,5650,5474,5088,4316,10283,36518,3818,2542,3958,3767,3796,4915,2680,2218,606,728,24999,20988,13117,23410,5495,28801,5157,78597,12524,22027,33425,216,94,0,285,58,177,99,66,28,334,494,592,169,2976,7248,8332,5074,2353,423,253,3.12
173,BK23,17750,8116,506,485,507,575,798,863,810,875,838,1090,1266,1506,2109,5522,38047,1115,917,1187,539,1142,1257,629,810,409,111,2480,749,2659,8481,603,3688,2217,14821,3828,1286,89,5,6262,0,0,47,601,134,13,96,1076,1018,373,93,643,1677,1664,311,243,64,0,1.94
174,BX63,39282,12621,3357,3070,3043,3384,3369,3082,2950,2793,2819,2716,2406,1934,1597,2762,27637,2187,1677,1932,1837,1914,1728,691,518,120,17,13850,8139,5851,5041,1046,10609,2134,31470,5854,10104,12337,44,0,228,3,0,52,10,43,41,74,63,28,8,1398,3249,6275,1273,190,0,0,2.84
175,BX08,35011,11675,2751,2635,2561,3049,2954,2883,2578,2387,2326,2415,2121,1677,1361,3313,29382,2060,1212,1922,1332,1489,1446,965,926,194,129,12700,8885,6430,3344,744,8588,3274,30093,5593,7710,9056,93,0,217,0,8,124,122,144,53,55,653,643,24,1798,1875,4135,1434,215,19,0,3.0
176,SI22,33551,11828,2491,2523,2407,2732,2470,2405,2419,2288,2331,2497,2325,1975,1548,3140,48439,1801,804,1279,936,1220,1712,1469,1530,687,390,8769,3310,6117,7625,782,5968,5894,29906,3600,3303,2178,248,41,118,36,45,112,65,170,285,885,2607,749,76,1155,1962,2582,937,288,49,5,2.7
177,MN23,66880,37601,2219,1568,1054,3795,5313,9747,8103,5865,4637,4244,3938,3900,3798,8699,112689,1697,866,1820,1724,2395,4712,3923,5915,4345,10204,4005,855,2905,47407,10788,21583,2695,64364,4082,7397,451,348,6,9,0,57,118,112,183,20,144,1113,4002,6697,407,2482,3453,3016,4566,3817,6220,1.68
178,BX59,27248,8875,1927,1907,2029,2128,2160,2092,1979,1912,1951,1938,1774,1427,1247,2777,45536,1111,562,1194,854,1128,1633,1058,910,200,225,7015,4753,5675,4747,633,7032,3472,24752,3468,4713,4550,304,0,965,0,23,106,21,27,37,137,1494,476,27,424,889,3187,1514,506,21,19,3.1
179,SI07,24102,9170,1390,1436,1473,1520,1340,1438,1508,1577,1739,1883,1912,1651,1461,3774,82128,493,244,711,414,744,1602,1322,2030,905,705,2164,1279,4930,7598,264,2869,7515,22891,2691,1140,202,110,27,45,0,99,114,22,77,43,429,3941,2148,67,41,456,708,608,119,76,0,2.65
180,QN49,30773,11472,1554,1564,1682,1627,1580,1710,1940,1972,2221,2278,2219,2173,2143,6110,80546,416,303,943,813,983,1964,1415,2664,1021,950,1544,3079,6239,9937,401,3146,10092,28180,3144,2906,1127,2059,109,10,9,1093,142,74,105,124,548,1521,4736,1183,43,153,781,1023,255,245,0,2.78
181,BX44,61321,20715,4539,4593,4532,5083,4598,4363,4026,3773,4348,4521,4121,3390,2790,6644,39178,3086,1369,2721,2287,2944,3722,2063,1847,457,219,15425,9097,12837,11292,1284,14493,9286,56433,8791,10772,4620,85,22,166,54,26,342,234,167,171,529,3740,1165,10,1294,2949,6815,2783,744,142,0,2.98
182,BK72,32926,8328,5637,4081,3517,3404,3019,2397,1613,1246,951,1037,1235,1478,1125,2186,21502,1516,1490,1630,1052,811,935,395,312,48,139,17882,4251,5541,1608,4330,1773,2000,32273,2456,912,982,32,104,0,0,0,8,71,4,0,35,218,583,132,1847,2053,1564,973,589,61,10,4.03
183,BK40,20988,9372,1447,1054,878,759,1105,1971,2211,2174,1701,1467,1420,1265,1038,2498,82297,515,421,546,682,691,1443,1329,1977,733,1035,1872,1348,1606,11133,746,8037,1835,20853,1799,2002,503,530,429,461,42,0,54,52,40,55,310,685,1619,1087,238,466,1183,1432,1146,326,270,2.41
184,QN53,56674,17286,3641,3642,3983,4395,4584,4392,4138,4170,4367,4388,3962,3270,2621,5121,61804,984,668,1756,1462,2214,3284,2413,2532,1116,857,8651,9852,12519,12416,1513,16665,10104,54394,6000,13015,10315,2107,63,1877,26,83,164,85,134,279,738,4678,2787,78,150,831,3732,2836,424,32,24,3.62
185,BX62,42483,15000,2562,2550,2833,3046,3054,3338,2837,2826,3106,3166,3049,2529,2223,5364,55443,1296,820,1388,1463,1823,2676,2289,2074,819,352,6355,5314,9668,10818,953,9894,8872,39488,5107,6165,1893,59,0,10,164,8,169,186,165,245,435,4298,1371,66,464,1120,3642,1967,338,51,17,2.95
186,QN63,45099,16010,2415,2265,2105,2274,3328,4488,4401,3835,3514,3270,3100,2537,2146,5421,50952,969,699,1715,1800,2694,2923,1994,2097,640,479,6513,7512,9211,12805,1100,15366,4781,36854,3189,15553,7642,2500,89,2267,7,872,423,56,214,516,1354,813,2017,130,192,1440,4235,3170,1002,118,42,2.84
187,MN32,77942,44191,3751,2633,2152,1849,5375,11411,9299,6436,5487,4788,4592,4608,4624,10937,98840,2080,1280,3186,1972,2958,5628,5234,7652,4127,10074,5553,1967,4827,55291,6404,33132,3975,76767,6668,8771,1587,726,184,0,0,60,476,133,94,135,640,1844,4803,3628,1640,2833,3238,7019,6874,4411,5900,1.83
